No,A,B,C, EARTH, R5
1,0.00000000086,1.21579741687,6283.07584999140
2,0.00000000012,0.65617264033,12566.15169998280
3,0.00000000001,0.38068797142,18849.22754997420
