No,A,B,C, EARTH, L5
1,0.00000000878,3.14159265359,0.00000000000
2,0.00000000172,2.76579069510,6283.07584999140
3,0.00000000050,2.01353298182,155.42039943420
4,0.00000000028,2.21496423926,12566.15169998280
5,0.00000000005,1.75600058765,18849.22754997420
